injection_timing,injection_pressure,air_fuel_ratio,compression_ratio,egr_rate,engine_speed,fuel_blend,brake_power,brake_thermal_efficiency,bsfc,nox,co,hc,smoke_opacity,co2
18.75,418.3,21.1,18.3,10.22,2814.0,14.1,8.54,36.0,226.31,9.352,0.295,260.2,5.0,14.36
24.51,495.0,12.3,17.32,2.15,3112.0,57.1,11.62,36.72,232.04,11.776,0.05,279.8,5.0,15.27
22.32,423.9,12.27,15.59,12.29,1801.0,18.5,5.0,34.55,236.16,9.592,0.408,372.0,6.52,15.23
20.99,362.1,15.88,15.33,9.34,2700.0,27.9,5.07,34.64,248.23,8.776,0.198,269.6,8.17,14.54
16.56,384.4,17.86,15.57,20.31,2572.0,21.9,7.76,33.82,250.68,6.293,0.42,321.3,13.64,13.43
16.56,622.5,21.24,17.49,18.17,3199.0,18.3,17.29,36.4,211.61,8.743,0.288,256.3,5.0,15.18
15.58,444.4,20.2,16.98,10.94,3375.0,82.6,10.84,35.61,256.15,8.081,0.05,234.3,5.0,15.28
23.66,555.0,17.35,14.83,6.54,1229.0,28.6,5.0,35.54,240.44,10.341,0.212,236.2,5.0,14.16
21.01,652.4,15.28,14.78,29.64,2818.0,92.7,9.46,30.24,303.08,7.06,0.05,307.6,17.12,13.99
22.08,783.3,23.97,14.44,13.62,1324.0,97.0,6.55,32.01,296.67,9.991,0.05,192.5,5.0,14.42
15.21,327.5,17.11,16.97,20.65,2517.0,57.1,7.15,32.52,285.61,6.806,0.111,294.2,9.38,14.27
24.7,859.6,17.42,17.44,4.22,1890.0,14.3,12.38,39.78,196.68,12.0,0.173,187.6,5.0,15.26
23.32,739.5,13.96,15.19,14.57,1936.0,37.5,9.06,36.05,213.93,10.033,0.151,278.9,5.01,15.32
17.12,357.2,21.54,14.09,0.83,2047.0,79.8,5.0,33.27,285.34,9.115,0.05,183.2,5.0,14.3
16.82,911.5,20.32,14.37,15.16,2691.0,36.7,13.38,34.64,227.06,9.388,0.184,239.2,5.0,14.05
16.83,944.6,14.65,18.36,28.92,2002.0,8.7,15.46,37.89,187.94,8.578,0.671,338.0,11.22,14.16
18.04,342.8,12.99,15.33,11.53,2958.0,55.7,7.57,33.46,268.87,8.168,0.06,330.0,6.92,15.0
20.25,493.8,20.17,17.46,1.17,2171.0,84.5,5.94,37.44,254.75,11.275,0.05,149.7,5.0,15.46
19.32,864.3,19.85,16.81,0.93,1364.0,79.6,10.17,38.82,226.06,12.0,0.05,137.2,5.0,15.5
17.91,823.8,15.28,15.72,11.64,3081.0,17.5,17.31,37.86,194.33,10.156,0.327,257.4,5.0,14.97
21.12,429.2,23.41,14.93,4.8,1886.0,67.3,6.71,33.83,272.45,9.303,0.05,179.8,5.0,14.35
16.39,446.5,13.81,14.55,0.7,2239.0,22.1,5.0,35.86,225.98,9.491,0.146,262.8,5.0,14.45
17.92,559.3,17.19,16.77,22.69,2845.0,21.8,9.48,35.71,229.19,7.823,0.464,318.9,13.3,14.52
18.66,639.2,23.32,17.49,13.76,1998.0,87.4,9.13,34.07,262.91,9.78,0.05,186.0,5.0,13.76
19.56,732.8,17.04,16.9,8.68,1336.0,25.0,7.5,37.58,208.23,10.454,0.183,237.7,5.0,14.88
22.85,558.2,19.66,16.39,27.0,2097.0,26.3,10.15,33.0,255.38,7.665,0.449,305.1,10.82,14.09
17.0,623.8,16.77,14.19,3.48,3467.0,0.1,13.63,36.87,199.22,9.642,0.346,223.5,5.0,15.21
20.14,823.2,15.29,18.36,28.68,2740.0,87.1,16.96,35.7,261.93,8.854,0.05,296.8,15.14,14.88
20.92,325.7,23.81,17.59,9.42,2812.0,79.3,5.48,33.76,261.95,9.659,0.05,199.2,5.0,14.87
15.46,476.7,16.91,15.32,26.65,2717.0,62.7,9.74,29.32,296.7,5.866,0.118,311.3,16.72,14.26
21.08,799.3,22.73,18.41,18.09,1678.0,75.0,9.13,36.23,241.33,10.533,0.05,207.6,5.0,15.42
16.71,926.6,14.76,16.71,24.8,2204.0,15.2,16.17,37.48,203.14,8.656,0.573,317.0,11.51,15.15
15.65,658.2,14.56,16.62,29.52,3002.0,45.8,13.34,33.87,246.54,6.635,0.372,337.8,14.02,14.42
24.49,672.5,12.37,17.37,8.65,1443.0,35.1,8.93,37.92,214.49,11.365,0.208,311.0,5.0,14.83
24.66,375.0,19.82,17.65,28.83,1867.0,9.4,5.96,33.54,248.05,7.739,0.606,318.0,15.69,14.53
23.08,613.2,16.42,16.95,11.68,1863.0,48.6,7.91,35.01,240.34,10.508,0.05,240.8,5.0,15.45
18.05,672.8,22.37,14.58,11.57,2237.0,92.1,8.52,33.61,280.67,9.847,0.05,224.8,5.0,14.66
15.98,469.7,17.68,15.52,10.21,3553.0,4.0,10.38,34.92,235.21,8.15,0.342,252.5,5.0,15.38
21.84,488.5,23.62,18.18,16.24,1362.0,29.1,5.55,37.91,226.67,9.511,0.288,222.7,5.0,14.57
19.4,564.1,14.23,15.01,4.62,2445.0,20.8,8.72,36.53,213.67,9.895,0.165,274.9,5.0,14.53
16.22,314.0,22.42,15.67,16.61,1630.0,23.8,5.0,32.75,259.22,6.708,0.281,235.7,5.0,14.6
19.95,525.5,21.32,15.94,16.25,3530.0,90.8,12.12,32.26,283.19,8.601,0.05,217.3,5.0,14.39
15.34,448.0,21.25,15.98,22.86,1472.0,46.8,5.0,32.56,258.33,6.59,0.229,309.4,10.1,14.77
24.09,529.2,22.14,16.76,25.01,2169.0,46.6,5.46,33.24,260.56,9.217,0.221,251.9,12.73,14.37
17.59,383.8,21.13,18.24,13.21,2971.0,76.1,9.22,35.53,255.83,8.557,0.05,198.2,7.57,14.52
21.63,923.4,19.51,15.08,9.07,2891.0,15.4,15.6,37.93,201.23,10.948,0.299,185.2,5.0,15.09
18.12,715.5,13.57,14.55,7.78,2215.0,48.7,8.22,34.72,231.64,9.953,0.056,273.1,5.0,14.11
20.2,775.4,12.39,14.89,5.84,2032.0,43.0,7.75,37.91,228.19,10.22,0.115,284.5,5.0,14.81
20.47,852.4,23.05,17.99,1.73,2154.0,59.7,11.61,39.5,202.61,12.0,0.05,132.6,5.0,15.97
16.85,648.9,19.4,16.91,10.27,1834.0,100.0,6.76,35.49,262.27,9.621,0.05,203.5,5.0,15.21
24.7,360.8,21.56,15.29,8.11,1693.0,76.9,5.0,32.38,291.21,10.014,0.05,226.3,5.0,14.45
22.75,676.0,17.78,17.67,28.99,2359.0,39.8,14.09,34.94,231.61,8.65,0.373,338.6,14.88,13.91
24.39,710.8,13.41,17.88,16.73,1844.0,82.8,9.13,35.82,254.91,10.41,0.05,279.3,6.44,14.78
23.95,821.8,13.5,17.81,10.42,1890.0,17.1,11.74,37.59,192.99,11.747,0.345,244.6,5.0,14.6
20.98,602.2,20.23,18.14,17.41,2776.0,3.0,13.11,39.03,208.51,9.251,0.491,257.7,5.0,15.75
24.22,389.3,17.16,15.14,4.18,3524.0,20.4,8.81,36.24,230.28,9.977,0.11,238.9,5.0,14.73
15.88,498.6,14.41,17.4,13.32,2649.0,34.0,9.48,35.57,231.56,8.631,0.316,292.9,5.04,14.31
16.96,554.2,17.9,16.07,18.79,1385.0,51.1,5.0,32.95,258.54,7.475,0.134,269.2,7.73,14.38
15.45,752.1,12.77,17.79,14.67,1381.0,61.5,9.44,36.98,235.87,9.259,0.099,307.9,8.54,14.85
18.25,699.5,18.98,17.28,12.05,3483.0,91.1,19.71,35.55,249.43,9.617,0.05,223.1,5.0,15.47
18.89,549.3,15.23,17.49,29.82,1913.0,51.0,5.64,33.57,250.28,7.161,0.352,341.3,19.9,14.07
17.71,990.6,21.57,16.95,26.41,1421.0,50.1,8.71,36.19,217.98,9.432,0.179,261.8,5.94,14.37
23.29,724.0,15.72,14.8,18.7,2638.0,5.0,11.44,35.63,204.44,8.979,0.552,306.3,7.6,13.78
18.57,466.1,17.46,16.45,17.08,2697.0,3.5,7.46,36.45,232.65,7.572,0.486,300.3,9.37,14.81
17.81,371.2,12.14,18.43,18.62,2756.0,55.1,8.47,34.98,250.46,7.854,0.196,365.4,15.96,14.47
20.43,407.0,12.87,18.22,6.04,1842.0,43.8,5.0,35.96,248.47,10.219,0.109,290.9,5.0,14.35
16.41,472.2,16.71,14.19,11.85,1236.0,83.9,6.05,32.98,280.43,7.997,0.05,274.1,5.0,14.89
23.02,412.5,17.76,14.74,1.18,3516.0,16.1,10.34,36.92,215.01,10.38,0.131,206.5,5.0,15.35
15.75,430.6,19.2,14.59,14.27,1802.0,2.5,5.0,36.56,218.27,7.347,0.467,269.8,5.0,14.84
24.87,499.6,15.5,17.27,16.29,2822.0,44.9,11.38,34.12,257.7,9.821,0.266,289.3,7.14,15.05
22.72,421.4,20.34,17.68,6.83,2896.0,23.7,10.32,37.13,223.18,10.751,0.152,235.6,5.0,15.37
16.99,927.7,22.32,14.96,28.92,2664.0,5.0,14.73,33.38,231.43,7.073,0.648,298.5,7.22,13.86
15.06,356.2,21.36,16.28,27.28,1951.0,72.5,5.0,31.33,300.08,5.473,0.063,289.4,12.2,13.69
23.15,667.2,12.48,17.78,21.66,1851.0,11.2,9.24,36.21,222.42,9.513,0.663,335.9,15.27,15.01
22.07,587.3,17.77,17.3,16.0,2634.0,60.8,12.18,36.68,233.92,9.33,0.05,266.5,5.37,15.24
22.29,987.7,13.26,16.44,26.1,3279.0,28.1,22.35,35.7,204.6,10.138,0.504,340.9,11.02,14.74
22.71,378.4,14.9,16.66,3.92,3472.0,17.3,7.23,35.14,231.71,10.227,0.16,240.1,5.0,14.41
15.74,578.5,23.84,16.29,23.72,1454.0,38.0,5.0,33.43,251.94,7.087,0.173,261.7,8.79,14.67
18.58,978.6,13.71,15.34,3.74,1572.0,80.1,9.74,35.6,242.08,11.937,0.05,180.2,5.0,14.58
16.16,905.9,17.99,16.54,23.83,3467.0,39.2,21.56,36.52,198.74,8.355,0.316,260.4,8.92,14.87
23.63,872.0,19.42,17.1,8.27,2968.0,75.1,20.8,35.77,238.49,11.504,0.05,165.7,5.0,15.49
21.23,480.5,20.43,17.93,26.31,3319.0,12.5,10.25,34.93,233.1,7.614,0.535,323.2,12.24,14.26
18.31,419.6,18.72,16.86,28.32,1686.0,77.3,5.58,29.78,303.6,6.734,0.19,305.3,17.19,13.14
15.64,768.1,12.12,17.43,4.46,2610.0,23.7,16.34,38.91,210.55,10.717,0.224,257.4,5.0,14.97
18.11,950.6,15.92,14.72,13.88,2883.0,67.7,19.53,36.68,229.51,9.745,0.05,242.4,5.0,15.48
18.25,689.7,18.21,16.08,29.43,2832.0,56.6,12.6,33.18,266.71,7.421,0.227,279.2,14.56,14.46
22.3,700.1,13.05,14.04,14.5,2180.0,92.9,9.52,31.78,281.78,9.395,0.05,279.5,7.17,14.14
21.38,496.0,16.21,15.11,25.91,1237.0,38.7,5.0,31.99,273.02,7.029,0.357,315.5,12.28,13.88
23.87,838.6,12.4,17.27,17.66,2599.0,6.6,15.92,38.01,207.99,10.741,0.547,324.8,8.2,15.26
19.72,430.9,12.94,18.46,11.26,1807.0,1.9,5.87,37.99,219.75,9.744,0.566,337.2,6.51,14.72
16.2,526.6,16.76,14.45,8.57,2281.0,82.7,7.75,31.86,276.47,9.347,0.05,233.1,5.0,14.33
22.13,597.8,13.59,15.81,6.1,3498.0,52.5,10.73,36.22,234.34,10.921,0.05,279.9,5.0,14.7
22.61,655.3,18.81,17.6,22.85,2158.0,77.5,11.19,32.09,272.98,9.439,0.05,259.7,11.46,13.89
20.61,469.7,20.27,14.92,11.6,3216.0,23.4,9.54,33.81,249.22,8.743,0.218,250.3,5.0,14.22
22.71,380.4,21.61,16.5,15.34,1652.0,34.5,5.0,33.75,259.74,8.479,0.298,248.6,6.91,14.28
19.94,727.4,14.4,17.3,14.77,2814.0,3.0,17.21,38.4,188.73,9.974,0.502,302.8,7.15,15.14
20.23,502.0,14.01,16.77,17.32,3545.0,96.1,11.63,32.97,283.74,8.65,0.05,293.8,10.29,14.5
19.28,706.9,13.25,14.85,25.97,1445.0,66.8,5.83,31.09,261.27,7.25,0.246,330.8,14.43,12.5
15.25,408.1,19.64,15.6,29.42,1220.0,93.3,5.63,28.93,333.52,5.306,0.05,267.6,17.72,13.36
16.08,636.8,20.48,17.53,12.23,2241.0,26.5,9.42,37.37,211.74,9.431,0.181,237.1,5.0,14.98
15.31,672.8,12.38,16.49,24.83,1422.0,61.1,5.92,33.61,256.07,7.404,0.137,352.1,14.04,15.08
21.36,336.3,23.23,14.02,22.94,2996.0,67.8,5.71,29.3,307.17,6.837,0.053,255.5,10.67,13.31
18.14,535.6,12.62,17.42,17.21,3395.0,31.8,14.21,35.24,245.3,8.643,0.318,317.1,10.22,14.75
20.09,394.1,18.5,14.16,28.68,2242.0,84.8,5.46,29.4,291.23,5.764,0.05,327.1,15.48,14.37
24.08,344.4,20.51,17.36,6.01,1821.0,94.7,5.0,33.79,282.36,10.254,0.05,202.5,5.0,14.03
17.49,993.0,22.45,14.91,3.28,2243.0,88.5,13.2,36.67,233.0,11.23,0.05,120.7,5.0,15.23
19.1,525.6,20.57,18.31,25.62,2936.0,73.9,11.05,35.48,250.2,8.268,0.05,256.0,14.61,14.54
22.56,866.9,21.62,15.66,13.17,1222.0,27.7,6.82,35.78,231.19,10.801,0.222,198.2,5.0,14.63
17.29,478.2,16.07,15.47,25.41,2615.0,28.2,8.57,31.11,261.98,6.468,0.4,353.2,14.03,13.58
15.77,777.1,21.78,14.67,26.79,2672.0,96.3,13.19,32.12,285.33,6.785,0.05,241.8,8.66,13.96
17.9,832.2,12.96,15.38,1.87,2730.0,1.0,12.43,38.44,193.02,12.0,0.335,250.0,5.0,16.0
16.61,716.9,22.74,17.94,26.5,1781.0,71.6,10.82,34.28,263.68,7.512,0.05,258.4,9.09,14.98
24.3,630.1,18.57,18.48,13.45,2914.0,70.6,14.44,35.81,240.62,10.703,0.05,216.4,5.0,15.36
23.08,588.3,21.81,15.66,15.31,1419.0,62.3,7.11,33.68,253.1,9.603,0.05,246.0,5.0,14.73
21.33,544.2,17.43,16.02,18.8,1678.0,99.0,6.63,33.57,286.89,8.77,0.05,273.1,6.5,13.87
23.71,950.7,19.72,17.25,27.79,3306.0,31.2,23.91,37.04,210.82,9.98,0.472,267.9,9.1,15.09
23.04,881.4,18.32,17.99,0.57,2973.0,34.0,20.2,41.26,180.0,12.0,0.05,165.2,5.0,16.0
16.87,975.5,20.78,16.67,14.31,1233.0,7.9,9.97,37.67,187.74,10.454,0.388,182.0,5.0,14.75
23.93,387.0,12.98,15.76,20.63,1796.0,44.3,5.19,31.59,278.89,7.79,0.25,328.6,15.14,14.45
20.39,811.6,12.72,15.86,21.68,1715.0,26.1,9.08,33.25,243.78,8.969,0.493,314.2,8.78,14.52
23.07,956.8,14.97,17.13,20.78,1850.0,34.3,15.36,36.65,205.61,10.647,0.349,286.6,8.78,15.66
23.96,426.9,13.91,14.01,4.03,1794.0,83.5,5.54,33.43,253.57,10.78,0.05,240.1,5.0,14.33
18.18,346.5,22.46,16.79,8.98,1350.0,93.5,5.0,33.77,286.24,8.379,0.05,177.0,5.0,14.11
16.1,818.8,14.63,15.6,10.76,2301.0,18.6,10.72,37.04,197.23,10.127,0.38,261.2,5.0,14.83
17.28,702.1,23.71,17.57,24.13,2959.0,37.3,13.66,35.52,213.88,8.188,0.237,262.1,5.0,15.35
19.27,889.3,16.04,14.42,8.36,2656.0,92.9,14.54,34.28,233.61,10.911,0.05,205.0,5.0,13.91
23.18,397.8,14.19,16.65,6.32,2815.0,6.2,7.94,36.73,226.71,10.21,0.377,263.6,5.0,14.1
23.61,856.7,21.48,16.16,28.72,1395.0,9.2,7.31,36.1,208.36,8.643,0.546,284.8,8.68,14.76
15.07,441.1,19.9,16.89,0.27,3484.0,16.3,10.98,36.34,223.75,10.088,0.063,185.6,5.0,14.83
20.11,414.6,17.98,14.29,29.93,3212.0,59.5,9.84,29.88,308.13,6.056,0.155,338.7,15.51,13.8
19.17,415.0,18.66,16.61,20.3,3132.0,15.0,9.83,35.03,239.98,7.913,0.473,313.5,11.31,14.95
17.22,870.2,20.63,16.53,24.85,3175.0,96.8,17.66,33.48,277.72,8.429,0.05,217.0,5.96,14.28
16.2,765.6,14.74,16.52,8.84,3439.0,44.7,17.99,37.71,205.65,9.892,0.2,235.7,5.0,14.44
18.38,666.1,23.96,16.72,0.43,2506.0,50.2,10.66,40.05,209.65,10.823,0.05,143.4,5.0,16.0
24.43,551.2,23.7,17.04,22.14,1681.0,24.7,6.11,34.8,222.43,9.21,0.32,230.8,5.0,14.21
18.23,914.0,19.8,17.62,25.02,2680.0,47.1,17.49,36.73,216.16,9.167,0.226,262.7,5.2,14.58
20.19,574.7,14.39,15.21,22.21,2983.0,66.2,10.29,31.71,275.1,7.536,0.127,308.0,13.86,14.59
22.03,871.6,20.16,17.71,4.29,2971.0,75.1,17.61,38.65,225.73,12.0,0.05,172.2,5.0,15.28
18.64,607.4,12.87,16.24,22.6,2451.0,75.4,9.92,33.35,266.97,7.74,0.102,311.1,14.88,14.43
24.72,563.9,12.37,14.35,23.07,1364.0,57.8,5.0,31.82,277.79,7.817,0.196,340.6,14.98,14.32
24.62,623.9,15.09,14.26,19.76,2091.0,90.4,5.0,30.66,300.92,8.683,0.05,254.9,9.74,14.43
17.52,511.0,17.55,15.5,22.98,3410.0,81.7,13.72,31.73,303.68,6.715,0.05,265.6,9.11,14.05
19.97,823.3,22.42,17.53,25.38,2603.0,75.7,16.96,36.06,236.33,8.795,0.05,219.3,6.18,15.57
18.01,651.9,20.73,17.18,18.41,2492.0,5.6,11.18,37.09,200.0,8.547,0.453,280.8,5.0,14.1
17.85,462.5,20.91,17.55,2.66,1845.0,0.7,6.26,39.16,202.63,9.79,0.263,205.8,5.0,15.72
15.37,929.7,17.11,16.33,14.63,2084.0,21.2,11.78,37.62,193.8,10.326,0.301,248.0,5.0,14.79
21.1,568.7,16.15,15.98,2.33,3349.0,66.4,14.72,36.46,254.08,11.317,0.05,203.9,5.0,15.59
20.03,680.5,16.45,14.66,12.23,2800.0,41.1,13.92,34.97,234.13,9.247,0.188,232.9,5.0,14.76
15.51,934.5,23.85,15.48,12.21,3090.0,40.2,18.81,36.19,213.06,9.972,0.069,181.2,5.0,14.71
17.79,737.0,12.48,15.95,1.98,2290.0,88.5,12.45,36.49,241.47,11.186,0.05,239.2,5.0,15.31
24.08,381.8,22.4,14.4,10.46,2713.0,89.6,6.42,30.76,309.43,9.554,0.05,184.8,5.0,14.37
17.4,957.9,18.94,14.99,3.33,1796.0,90.9,9.14,36.01,239.38,11.199,0.05,159.2,5.0,15.21
16.45,739.4,17.26,16.69,24.25,2893.0,31.4,14.38,35.36,221.8,8.224,0.361,282.5,9.51,14.27
19.89,534.4,20.7,17.31,28.43,2226.0,69.1,8.74,32.96,283.14,7.102,0.088,278.5,13.14,14.19
24.86,397.5,17.84,18.49,2.17,2262.0,27.2,6.38,37.09,220.59,11.183,0.057,235.2,5.0,15.15
17.42,855.8,22.48,18.2,28.65,2758.0,19.1,17.64,37.67,202.18,8.514,0.491,266.3,5.49,15.02
21.72,734.1,22.81,16.89,15.68,3447.0,18.5,17.7,37.47,212.92,10.461,0.289,230.7,5.0,15.4
22.62,673.4,17.06,15.9,8.99,1354.0,34.2,5.94,35.82,214.71,11.457,0.146,232.1,5.0,14.07
17.38,925.7,15.32,16.86,2.31,3179.0,43.0,20.74,38.18,210.67,11.564,0.05,203.2,5.0,15.48
22.28,852.0,19.11,17.54,15.02,1902.0,83.1,10.57,36.28,231.14,11.11,0.05,171.6,5.0,14.89
18.68,406.2,22.95,14.53,23.84,2265.0,12.0,5.0,31.77,265.52,6.36,0.539,265.7,11.18,13.61
21.32,518.2,14.53,15.84,21.21,1253.0,73.5,5.0,32.49,268.47,8.337,0.05,316.3,14.13,14.03
21.34,473.9,19.48,17.78,1.51,1923.0,53.1,7.92,36.96,242.44,10.729,0.05,208.8,5.0,15.04
20.36,820.8,19.58,15.73,2.19,2406.0,28.8,10.42,36.71,222.47,11.394,0.069,166.2,5.0,13.63
15.9,323.5,20.8,16.57,12.09,1335.0,49.3,5.0,33.6,271.25,7.575,0.05,239.7,5.0,14.24
23.35,698.9,13.58,16.64,8.86,2379.0,30.0,13.19,37.04,218.98,11.144,0.233,279.2,5.0,14.7
18.21,833.7,20.59,14.83,6.97,3425.0,59.6,17.28,36.54,226.2,10.351,0.05,187.5,5.0,15.27
16.87,913.7,22.91,15.63,8.43,1453.0,43.4,5.52,36.86,210.89,10.816,0.062,141.9,5.0,14.78
15.41,539.5,14.16,15.51,24.1,3035.0,16.4,10.14,34.88,243.36,6.941,0.574,337.4,13.23,14.4
20.91,874.9,14.85,14.12,27.88,2183.0,11.7,11.16,32.48,228.53,8.27,0.571,328.7,11.78,14.68
21.78,377.4,23.66,14.11,12.15,2772.0,54.7,5.0,33.14,259.87,8.941,0.05,232.3,5.0,14.84
15.17,892.5,14.17,17.74,27.18,1825.0,90.2,11.42,34.59,258.07,8.255,0.07,335.8,9.31,15.05
20.12,389.2,22.25,15.23,9.64,1583.0,34.4,5.75,34.73,240.36,8.471,0.071,223.8,5.0,14.52
17.26,578.1,17.91,16.33,14.29,1585.0,73.3,7.03,34.25,252.49,9.111,0.05,219.0,5.0,14.86
21.45,858.1,14.97,15.34,6.78,1369.0,65.9,6.4,37.34,213.3,11.199,0.05,224.0,5.0,15.1
16.74,404.9,22.45,18.23,19.21,1646.0,93.2,5.0,33.03,281.37,7.975,0.05,255.6,8.26,14.34
21.91,460.5,17.34,15.17,29.37,2794.0,82.1,7.74,29.15,311.92,7.138,0.05,314.7,16.51,13.89
18.87,805.6,18.18,15.93,18.1,3316.0,56.7,17.48,36.3,231.34,9.404,0.112,230.5,6.61,14.74
24.37,804.0,16.31,17.93,10.73,3154.0,65.7,19.54,37.49,233.62,11.332,0.05,239.2,5.0,15.82
16.38,748.8,19.12,17.79,19.43,2844.0,89.8,15.14,35.29,257.57,8.594,0.05,240.7,6.95,14.76
18.41,785.8,13.96,14.84,3.69,1465.0,40.0,7.73,37.82,211.65,11.247,0.074,220.6,5.0,15.52
16.13,679.9,16.69,17.61,26.66,1894.0,32.7,11.77,34.36,235.35,7.444,0.46,320.3,10.41,15.04
24.25,476.3,23.63,16.06,15.09,1944.0,1.1,7.17,35.89,224.36,9.396,0.377,268.0,6.31,15.18
23.77,542.0,15.1,16.17,13.48,1800.0,82.7,6.52,33.22,283.74,10.031,0.05,279.2,5.7,13.89
17.58,427.1,19.88,14.6,17.58,2436.0,80.1,6.11,31.1,295.59,7.471,0.05,247.4,5.82,14.25
21.6,935.9,15.9,14.36,18.74,2485.0,10.4,13.49,36.04,201.35,9.882,0.533,274.2,5.0,15.06
23.17,708.4,21.28,17.28,2.15,2057.0,57.7,11.9,36.82,222.49,12.0,0.05,182.2,5.0,15.46
20.55,580.6,13.57,16.23,20.48,2049.0,46.4,7.29,33.38,242.85,8.319,0.163,306.9,11.38,13.98
20.3,623.4,23.64,15.97,7.26,3189.0,11.9,13.28,38.15,210.42,10.58,0.23,209.6,5.0,14.99
17.42,963.1,17.45,17.28,21.42,3094.0,98.1,21.52,36.16,247.27,9.676,0.05,210.1,5.0,15.38
15.93,407.3,14.83,17.44,24.68,1939.0,21.5,5.14,34.0,250.06,6.526,0.469,368.9,16.93,14.08
23.97,710.4,12.88,14.72,24.12,3393.0,6.7,13.13,34.41,222.68,8.983,0.633,356.0,12.61,14.26
24.0,654.1,14.04,16.75,16.58,3487.0,59.5,16.3,34.82,258.06,9.965,0.085,308.9,5.0,15.35
21.33,728.0,18.24,14.61,15.61,1984.0,73.9,8.72,34.58,248.1,9.164,0.05,238.1,5.0,14.68
18.39,312.7,16.04,17.38,4.29,2051.0,3.2,5.24,36.88,229.01,9.278,0.395,252.6,5.0,14.65
18.49,910.5,21.95,16.96,23.26,2414.0,65.9,14.89,35.75,232.69,8.86,0.05,249.9,5.0,14.56
22.26,952.5,17.17,18.3,8.14,3459.0,53.2,26.59,40.46,192.85,12.0,0.05,223.7,5.0,15.89
23.97,695.6,14.98,14.31,14.9,3303.0,10.3,12.65,34.45,230.34,10.159,0.442,305.8,5.33,13.95
23.87,787.7,19.41,14.26,8.53,1446.0,17.3,8.82,37.58,207.61,10.776,0.293,204.7,5.0,15.02
22.8,945.7,20.48,15.27,4.01,2143.0,56.8,10.8,36.36,226.32,12.0,0.05,153.2,5.0,15.15
21.42,795.1,14.0,15.18,18.89,2528.0,29.6,13.23,36.49,217.05,9.189,0.357,305.9,9.11,15.41
15.84,406.8,14.01,15.11,1.63,2408.0,93.8,6.74,33.17,284.04,9.15,0.05,219.5,5.0,14.71
16.62,703.4,12.44,18.08,22.46,1665.0,81.9,7.87,34.66,275.09,7.927,0.064,348.3,14.95,14.42
23.99,724.7,20.84,15.12,9.53,3261.0,98.4,15.4,32.55,288.04,10.797,0.05,177.9,5.0,14.81
21.06,596.9,19.97,15.22,0.0,2825.0,26.0,12.23,36.62,227.68,11.126,0.066,147.0,5.0,14.94
15.09,815.5,17.7,17.42,15.33,3211.0,97.0,16.34,34.79,258.32,9.548,0.05,220.4,5.0,14.24
16.01,954.1,22.13,16.02,1.41,3261.0,43.1,21.38,38.55,211.63,11.775,0.05,138.5,5.0,15.35
21.64,947.9,21.67,17.5,8.29,2996.0,34.8,17.71,39.29,200.03,11.74,0.088,178.6,5.0,16.0
15.05,615.6,19.02,14.29,21.21,2254.0,5.0,7.11,34.56,225.85,7.301,0.56,286.4,7.44,14.51
16.61,379.3,22.42,16.19,1.88,2665.0,5.3,8.78,36.96,216.71,9.555,0.219,221.2,5.0,15.05
20.49,989.4,14.47,14.15,25.18,1585.0,69.2,8.55,33.65,245.64,8.917,0.066,305.7,11.62,15.18
21.92,887.2,13.34,14.28,0.11,2817.0,45.8,13.46,36.48,194.71,12.0,0.05,222.7,5.0,14.47
21.52,387.3,15.24,18.08,7.4,1630.0,22.7,5.0,36.29,232.57,9.95,0.257,271.7,5.0,14.39
17.24,944.6,12.69,14.63,22.23,2865.0,61.4,18.98,35.63,226.49,8.692,0.194,308.3,10.03,14.17
22.12,908.9,18.37,16.4,9.49,1751.0,25.3,8.67,37.8,214.52,11.731,0.25,214.1,5.0,15.33
17.37,663.2,23.24,15.85,3.06,1482.0,57.8,5.23,37.79,226.42,9.99,0.05,149.0,5.0,15.34
18.25,713.9,12.47,15.56,10.81,1597.0,35.9,9.19,35.84,217.25,9.557,0.185,304.3,5.0,15.48
22.46,579.3,13.47,18.05,8.11,1205.0,82.4,7.48,36.23,250.07,10.861,0.05,263.6,5.0,15.09
21.5,338.3,17.43,14.1,25.28,2925.0,82.1,5.69,29.91,301.6,6.485,0.05,328.1,16.46,13.7
23.49,534.6,23.21,16.99,9.4,2958.0,47.7,9.71,36.97,235.71,10.856,0.05,222.0,5.0,15.13
21.58,862.0,15.79,18.34,23.67,2436.0,35.1,18.56,37.15,214.37,9.57,0.434,284.7,8.56,15.02
20.68,303.2,18.09,16.52,26.76,1587.0,36.3,5.23,31.62,282.89,6.371,0.395,343.8,17.45,13.33
15.94,533.4,12.5,18.22,13.01,1401.0,80.6,6.49,35.36,251.0,8.781,0.05,282.3,6.26,15.92
18.68,578.7,13.78,14.24,27.3,1246.0,32.8,5.0,32.05,259.32,6.373,0.408,368.2,15.66,14.27
17.65,676.2,23.84,15.88,11.32,1598.0,20.9,7.09,37.15,202.15,9.364,0.273,202.6,5.0,15.13
17.44,943.9,23.58,15.17,28.92,3338.0,8.5,19.72,35.21,215.1,8.09,0.678,254.9,9.07,14.75
24.73,542.4,12.06,17.29,2.68,1780.0,46.7,7.35,37.78,230.34,11.452,0.05,281.0,5.0,15.56
18.93,542.9,23.42,18.42,20.61,2050.0,48.2,10.28,36.76,237.1,8.626,0.178,208.2,6.31,14.97
23.92,816.3,19.67,15.15,14.81,1453.0,84.1,8.54,34.58,253.07,9.975,0.05,178.8,5.0,14.45
21.31,616.6,22.42,16.94,11.63,1734.0,22.1,6.25,37.1,219.68,9.942,0.166,220.0,5.0,15.33
22.95,457.2,17.46,14.89,18.98,2446.0,38.1,8.59,31.45,284.22,8.126,0.272,292.0,9.87,14.18
20.03,616.7,18.19,16.54,21.12,2659.0,80.8,11.68,31.24,283.82,8.954,0.05,254.1,9.33,13.77
20.77,398.6,17.87,16.09,0.13,1789.0,82.4,5.6,35.08,266.55,10.454,0.05,167.1,5.0,15.36
19.93,423.5,20.0,18.37,5.01,1339.0,38.5,6.1,37.26,221.73,9.712,0.062,203.6,5.0,15.29
16.95,648.9,13.68,16.74,21.39,2138.0,45.9,8.34,34.29,237.76,7.437,0.213,328.0,13.42,14.86
22.22,593.2,12.36,15.57,19.99,1762.0,30.3,6.74,34.3,240.57,8.678,0.349,357.2,10.73,15.06
17.81,940.4,15.7,14.51,28.98,1727.0,93.3,9.18,32.06,280.54,7.922,0.05,282.7,13.28,14.25
15.24,553.7,20.46,14.68,22.83,3504.0,11.9,9.98,34.19,231.86,6.745,0.493,308.2,10.29,14.53
21.45,706.4,14.42,15.01,28.52,2679.0,93.4,12.26,31.24,286.26,7.698,0.05,320.1,14.23,14.42
16.77,742.6,20.08,15.13,21.08,2537.0,68.4,14.89,32.75,259.55,8.369,0.05,231.2,6.83,14.08
24.4,309.2,23.64,17.83,8.94,2198.0,53.2,5.0,35.97,245.55,9.873,0.05,210.3,5.0,14.97
24.54,764.5,13.13,16.53,3.16,2229.0,3.3,11.7,39.06,192.68,12.0,0.392,244.5,5.0,15.39
24.15,424.6,20.07,16.36,23.45,2498.0,47.6,8.0,33.11,251.33,7.561,0.214,286.7,13.2,13.97
18.7,972.7,17.33,14.52,19.32,2871.0,40.8,17.04,34.95,234.96,9.109,0.262,267.4,5.0,15.59
15.15,404.1,22.42,17.87,1.45,2885.0,16.1,8.54,37.5,214.34,9.267,0.105,210.2,5.0,14.63
24.28,590.2,14.13,17.25,10.8,1612.0,65.6,5.28,35.82,250.99,10.65,0.05,287.6,5.0,14.4
19.28,359.7,20.31,14.3,28.7,2400.0,97.1,5.43,28.39,321.03,5.653,0.05,284.7,16.42,14.11
24.67,997.8,22.06,17.19,15.01,2189.0,56.2,14.73,38.18,215.23,11.86,0.092,211.4,5.0,15.61
24.64,651.5,23.34,16.45,12.98,3289.0,71.5,12.06,34.76,258.07,10.553,0.05,193.5,5.0,14.32
23.53,716.8,20.2,14.37,13.73,2715.0,6.8,13.09,34.06,229.13,9.694,0.343,265.7,5.0,14.7
17.94,347.0,17.97,16.06,6.27,2478.0,41.8,6.9,34.39,246.19,8.899,0.082,239.8,5.0,15.24
18.85,825.0,19.41,16.18,11.06,1477.0,11.6,8.28,38.52,196.74,9.941,0.331,237.1,5.0,15.26
23.51,446.9,22.43,14.75,11.09,2654.0,61.3,7.56,32.74,262.05,9.762,0.05,236.5,5.0,15.41
18.17,928.6,18.85,18.26,1.57,1481.0,93.8,11.75,38.93,223.25,12.0,0.05,138.3,5.0,14.79
16.69,443.6,12.36,17.82,23.03,2009.0,66.2,6.89,34.27,270.38,7.065,0.181,358.5,17.54,14.86
20.57,433.5,23.17,17.01,12.5,1543.0,7.7,5.82,35.54,233.7,9.616,0.327,263.8,5.0,15.2
24.36,325.6,20.27,16.08,24.67,2861.0,35.5,5.88,30.82,281.17,7.082,0.371,304.1,12.69,14.22
21.96,630.4,20.12,15.85,25.51,1695.0,55.1,8.63,32.86,252.63,7.729,0.189,256.6,10.12,14.24
20.7,695.4,14.59,16.93,6.36,2140.0,40.3,10.88,37.16,226.13,10.721,0.111,278.6,5.0,15.02
15.97,346.0,19.91,16.45,19.72,3350.0,83.4,8.18,31.01,300.26,6.791,0.05,255.0,10.6,14.23
21.15,842.9,16.73,14.28,14.17,1690.0,81.5,6.95,33.77,238.19,10.094,0.05,226.8,5.0,14.88
24.9,617.3,19.81,16.31,26.4,2419.0,61.2,10.49,33.35,266.15,8.753,0.131,297.5,12.06,14.68
16.4,667.1,13.28,17.63,6.47,2206.0,37.3,9.81,38.01,215.45,11.093,0.197,258.8,5.0,15.66
20.18,608.5,19.89,16.07,20.33,1243.0,25.5,5.0,34.93,242.13,7.762,0.375,257.5,5.57,14.19
23.77,580.5,23.99,14.23,18.23,3103.0,10.6,9.7,35.27,215.81,8.99,0.418,255.3,5.0,14.55
22.41,691.7,12.58,17.54,8.86,1366.0,35.5,5.62,37.51,191.38,10.978,0.216,260.7,5.0,14.77
21.97,408.7,23.73,14.91,4.1,2338.0,41.3,8.48,34.75,251.17,9.766,0.05,187.4,5.0,14.57
22.02,427.3,16.88,15.16,19.55,2546.0,67.6,8.47,31.33,289.25,7.742,0.097,289.4,10.02,14.5
18.59,903.2,22.45,14.74,22.16,2708.0,65.8,17.33,33.24,237.85,8.471,0.115,217.9,5.0,14.47
17.94,962.3,21.39,15.49,9.47,2853.0,7.0,16.25,38.06,182.02,11.329,0.339,175.8,5.0,16.0
23.09,561.3,18.8,17.41,19.34,1808.0,39.5,7.44,34.82,263.53,9.498,0.296,296.6,7.61,14.7
23.1,489.5,20.86,16.34,11.85,1224.0,18.2,5.0,35.97,224.44,9.748,0.251,245.8,5.0,14.87
23.67,750.8,22.54,14.92,21.4,2936.0,15.7,12.87,36.64,216.8,9.604,0.393,277.0,5.0,14.94
24.13,586.1,16.85,17.95,5.98,2486.0,82.7,9.79,35.93,247.17,11.085,0.05,204.9,5.0,14.69
20.11,317.8,15.92,17.96,26.71,3207.0,4.2,9.11,33.81,225.98,6.443,0.675,352.2,17.44,14.22
20.02,409.3,20.01,17.92,8.62,3171.0,41.9,9.22,36.19,237.98,9.059,0.05,234.5,5.0,15.44
22.98,801.2,21.69,15.07,11.03,3224.0,16.8,17.51,37.02,204.91,10.556,0.287,208.6,5.0,15.07
21.5,761.2,21.15,16.03,1.74,2364.0,87.9,12.75,36.7,239.45,11.927,0.05,125.8,5.0,14.76
22.02,319.0,21.57,18.43,3.35,2001.0,55.7,7.67,37.51,239.88,10.61,0.05,221.4,5.0,14.86
22.96,455.4,17.23,17.47,15.48,3100.0,23.1,8.5,33.75,248.24,9.401,0.343,276.3,8.43,14.22
23.9,461.8,21.81,14.12,8.03,2283.0,50.2,7.71,31.45,275.5,9.332,0.05,181.4,5.0,14.17
18.38,770.3,13.44,14.29,25.06,1640.0,73.1,8.9,31.71,262.33,7.895,0.128,337.4,13.26,14.62
18.76,313.8,18.53,16.09,0.44,3252.0,95.8,5.67,34.69,281.54,9.863,0.05,179.4,5.0,14.18
15.94,372.9,12.07,18.09,11.37,3318.0,22.0,10.54,35.09,223.68,8.711,0.304,329.9,8.05,14.54
20.78,859.9,15.9,16.42,10.12,2319.0,88.6,14.05,33.72,243.3,10.502,0.05,184.0,5.0,14.6
15.36,425.0,16.4,16.24,0.58,1382.0,93.4,5.0,35.11,275.1,9.737,0.05,224.0,5.0,14.06
19.66,756.9,16.75,14.47,3.73,2131.0,91.6,8.74,35.01,259.87,10.506,0.05,162.8,5.0,14.44
20.43,466.7,20.35,16.96,12.41,3128.0,63.5,9.45,33.72,263.62,9.126,0.05,229.7,5.0,14.27
17.87,369.6,16.66,17.7,14.79,3364.0,63.0,11.63,33.48,258.4,8.409,0.05,288.4,9.04,14.18
20.91,470.2,17.38,15.71,12.13,1688.0,40.3,5.2,33.59,248.88,9.102,0.111,266.7,5.0,14.57
15.31,805.6,14.85,17.49,15.93,1361.0,75.2,8.93,36.27,235.87,9.064,0.05,256.3,5.0,14.94
15.37,899.0,16.48,18.34,17.85,3306.0,53.1,21.76,37.29,205.02,9.651,0.16,226.3,5.0,14.91
23.23,881.2,14.73,14.92,0.3,2135.0,67.7,10.75,37.54,217.66,12.0,0.05,178.6,5.0,15.4
18.6,578.0,12.88,16.35,13.92,2500.0,42.8,11.15,32.89,261.95,9.345,0.144,312.4,9.37,15.04
16.27,767.7,19.24,15.29,28.9,3523.0,73.1,15.61,31.62,284.67,6.914,0.149,264.7,10.05,14.77
20.22,443.5,20.02,17.57,15.57,1360.0,82.4,5.0,33.01,275.7,9.162,0.05,239.6,7.08,13.65
22.7,505.2,19.43,16.6,20.33,2756.0,14.6,9.67,34.62,240.04,8.453,0.438,299.6,12.1,14.74
17.16,927.4,17.56,16.86,9.36,1378.0,83.3,9.11,36.72,218.52,10.745,0.05,203.7,5.0,15.01
21.23,309.1,16.56,17.59,23.22,2101.0,54.0,5.0,33.46,273.38,7.175,0.207,302.0,13.01,14.48
15.85,359.9,22.36,15.78,23.19,3129.0,84.5,7.88,29.29,309.87,6.455,0.05,293.8,9.93,13.59
15.52,445.5,18.23,18.12,15.64,2240.0,43.1,8.37,35.56,245.06,7.902,0.173,280.4,6.56,14.86
20.31,318.6,17.75,16.4,29.28,3593.0,37.9,8.7,31.95,270.63,6.325,0.371,342.7,19.45,14.13
20.41,427.0,12.31,14.71,3.77,2542.0,91.5,5.47,34.51,283.07,9.617,0.05,280.2,5.0,14.45
21.37,708.1,16.09,17.13,0.51,1971.0,25.1,9.62,38.74,197.24,11.499,0.103,247.5,5.0,15.06
22.26,595.0,16.56,17.57,23.1,1728.0,84.4,8.96,33.89,272.15,8.574,0.05,260.2,9.75,14.4
24.76,924.9,16.79,15.43,24.21,2041.0,48.4,13.21,33.36,239.47,9.469,0.295,272.6,5.54,14.45
20.16,872.2,18.96,17.86,3.61,2094.0,51.4,11.94,37.52,215.41,12.0,0.05,139.0,5.0,15.47
18.23,539.3,18.4,18.08,7.97,1365.0,30.8,5.97,38.25,214.91,9.685,0.151,236.9,5.0,15.65
22.95,481.6,19.29,15.25,0.53,2087.0,57.3,5.0,35.28,242.69,11.273,0.05,193.2,5.0,14.63
17.71,565.8,21.18,18.43,8.8,2314.0,32.5,10.11,38.78,212.9,9.998,0.099,215.7,5.0,15.54
19.39,713.2,21.76,14.63,23.19,2935.0,3.9,15.04,33.29,230.21,7.901,0.538,266.2,6.68,14.61
15.78,487.6,20.62,14.91,15.54,2776.0,27.2,7.27,34.12,245.86,7.74,0.263,226.1,5.0,14.98
15.25,736.9,23.47,14.83,10.44,2901.0,0.6,12.21,38.19,195.9,9.428,0.418,219.3,5.0,15.14
24.63,586.6,12.22,18.02,11.15,1220.0,97.8,6.29,35.67,267.27,10.918,0.05,302.3,5.31,14.81
23.36,686.4,14.35,16.94,0.04,1722.0,96.6,6.5,36.99,255.1,12.0,0.05,186.5,5.0,15.21
21.96,605.3,12.09,14.68,8.99,2788.0,39.5,9.57,34.85,231.11,9.454,0.153,307.9,5.0,14.24
19.09,506.1,19.77,15.98,19.39,2362.0,72.8,8.67,31.47,291.84,7.735,0.05,230.5,6.06,14.06
16.73,963.9,22.78,16.77,29.23,1213.0,34.6,7.41,36.86,200.04,7.983,0.372,267.6,10.08,15.25
16.56,834.5,14.92,14.38,25.41,3131.0,67.1,15.37,32.19,267.77,7.588,0.17,292.1,11.71,14.47
17.5,398.1,23.12,17.97,0.71,3055.0,80.5,10.0,36.65,259.18,10.233,0.05,150.1,5.0,14.96
20.49,907.9,12.72,17.62,26.96,2516.0,94.7,17.27,33.41,247.58,9.357,0.05,303.0,12.11,14.58
22.15,641.2,23.21,16.27,23.5,1360.0,40.0,6.23,33.2,251.3,8.346,0.26,251.8,8.77,14.02
21.6,926.2,16.22,18.35,23.41,3040.0,78.3,21.12,37.53,222.87,10.086,0.05,268.6,7.52,15.51
17.8,859.9,13.22,15.88,13.74,2601.0,26.6,15.24,36.73,204.88,10.245,0.26,269.6,5.0,14.95
24.55,597.6,17.83,18.43,11.94,3077.0,99.0,13.97,36.73,264.83,11.047,0.05,210.4,5.0,14.98
22.38,315.7,15.08,17.01,9.09,3004.0,2.6,7.27,36.0,221.42,9.452,0.451,300.7,5.0,14.61
20.54,488.1,15.42,16.86,1.97,3127.0,60.4,10.12,34.83,247.25,10.608,0.05,208.6,5.0,14.72
21.12,679.1,15.69,14.75,6.85,2443.0,66.0,9.98,35.58,244.02,10.256,0.05,251.6,5.0,14.7
19.2,743.4,21.64,17.97,7.4,1537.0,68.8,7.37,37.19,237.19,10.83,0.05,162.7,5.0,15.43
17.48,480.5,18.47,15.92,14.52,2811.0,12.0,8.92,35.64,225.55,8.054,0.369,265.1,5.0,14.57
18.56,397.5,15.74,14.73,22.42,2689.0,93.9,5.59,30.01,321.28,6.901,0.05,283.5,14.87,14.51
22.58,884.5,19.32,14.06,14.21,2981.0,18.1,14.11,34.64,224.45,10.26,0.305,259.3,5.0,15.17
15.14,989.1,20.59,16.52,1.74,1608.0,62.3,11.26,39.15,189.96,11.364,0.05,149.6,5.0,15.17
16.16,668.0,15.27,16.37,28.73,1668.0,22.3,7.86,35.89,217.92,7.382,0.614,329.7,15.63,14.68
15.46,420.2,16.96,17.24,28.28,3337.0,30.7,11.01,33.54,248.07,6.109,0.403,357.3,14.27,14.08
15.41,490.6,13.46,18.01,23.56,3000.0,54.6,10.53,34.13,259.94,6.717,0.211,345.5,12.82,14.41
23.55,312.9,14.17,14.36,29.74,3380.0,41.7,6.82,30.51,266.19,5.985,0.484,383.5,21.84,14.55
22.04,940.0,20.17,17.29,16.33,3021.0,16.0,21.12,38.71,211.42,10.996,0.404,227.1,5.0,15.14
19.74,382.4,14.18,14.84,28.88,2633.0,17.1,6.76,31.49,268.82,6.462,0.599,371.5,21.44,14.01
15.98,703.6,18.3,17.86,2.27,2770.0,41.8,13.51,38.04,217.17,10.706,0.05,197.3,5.0,15.54
19.92,491.8,20.51,17.69,10.97,3334.0,75.7,12.26,35.37,266.2,9.931,0.05,205.5,5.0,14.44
19.73,687.9,13.28,16.43,6.76,2589.0,89.8,12.63,36.39,267.15,11.086,0.05,268.5,5.0,14.68
16.73,756.0,18.81,17.2,5.87,2718.0,8.4,14.73,38.49,203.2,10.524,0.282,197.1,5.0,14.8
19.34,880.8,15.08,15.41,4.22,1576.0,39.3,6.41,38.94,210.15,11.383,0.093,240.4,5.0,15.11
18.99,444.5,23.56,16.12,18.67,2337.0,10.0,7.17,34.39,237.03,7.5,0.528,264.9,5.0,13.29
21.16,307.7,17.8,17.7,23.44,2919.0,1.7,9.28,33.73,241.44,7.321,0.631,341.3,17.99,14.47
21.35,395.8,21.67,16.07,17.35,1850.0,66.2,5.0,33.44,266.47,8.203,0.05,258.7,9.15,15.32
15.45,930.0,18.6,15.61,4.41,1685.0,60.2,9.32,37.37,212.67,11.185,0.05,162.2,5.0,15.26
18.75,911.7,12.52,16.22,24.33,1953.0,16.3,12.49,36.92,197.55,9.198,0.568,358.5,11.75,14.29
21.26,718.2,19.6,17.73,19.08,1780.0,23.4,9.82,36.69,204.58,9.436,0.446,221.0,6.99,14.62
20.03,720.4,23.42,15.51,11.64,1716.0,2.4,9.42,36.86,204.17,9.344,0.386,208.6,5.0,14.76
23.56,765.5,19.22,14.78,20.22,2220.0,83.5,8.96,33.28,251.07,9.362,0.05,221.3,5.0,14.06
21.59,422.8,21.83,17.2,7.8,3379.0,97.5,11.12,34.44,277.37,10.074,0.05,168.7,5.0,15.02
16.63,940.1,22.61,17.72,10.36,2417.0,13.5,17.48,38.26,192.24,11.008,0.319,191.5,5.0,15.55
15.71,593.1,14.74,14.45,27.52,1651.0,23.1,5.73,31.4,260.83,6.061,0.57,356.1,16.22,13.4
21.42,568.2,14.54,15.08,8.72,1385.0,86.8,5.35,34.3,262.04,9.916,0.05,254.3,5.0,14.94
15.27,663.2,19.33,14.64,14.1,2871.0,92.6,12.85,32.69,301.98,8.741,0.05,215.9,5.0,14.97
20.86,332.9,16.93,15.57,26.7,2119.0,42.0,5.62,30.77,295.05,6.553,0.283,325.8,17.38,14.66
24.4,416.4,22.08,16.03,21.23,3172.0,5.1,7.45,32.9,236.23,8.18,0.518,294.8,9.93,15.31
20.75,816.6,22.8,17.37,1.87,2783.0,3.9,17.43,39.53,187.78,12.0,0.242,174.7,5.0,15.13
18.88,358.0,16.24,16.93,4.42,3111.0,57.4,7.78,33.69,261.07,9.593,0.05,252.9,5.0,15.67
21.43,722.2,14.84,16.79,0.24,1853.0,39.3,9.45,38.47,203.46,12.0,0.05,227.7,5.0,15.26
19.58,471.7,21.37,15.59,18.93,2862.0,2.9,8.85,33.9,224.58,7.803,0.447,280.6,5.06,14.14
20.46,572.5,15.3,17.79,13.43,1834.0,58.3,7.6,35.13,250.82,9.733,0.05,255.3,5.16,14.93
24.41,502.1,21.87,16.12,4.03,3454.0,1.1,13.08,37.22,205.29,10.925,0.232,203.4,5.0,14.85
18.86,549.0,17.08,18.41,28.74,2727.0,78.7,11.38,33.64,276.04,7.699,0.131,299.0,17.02,14.65
24.61,803.3,20.01,16.85,15.89,1979.0,30.6,9.82,38.67,211.24,11.42,0.303,230.4,5.0,14.78
24.05,508.0,13.15,14.57,7.26,1847.0,4.0,5.22,34.28,242.5,10.323,0.425,306.6,5.0,14.36
16.96,696.5,19.49,17.04,15.02,1658.0,58.8,8.42,36.72,225.21,9.221,0.056,240.0,5.19,15.6
15.69,633.2,17.42,15.46,20.39,2867.0,39.8,13.17,34.7,243.41,7.58,0.266,281.3,8.31,14.59
16.01,764.6,19.04,17.09,2.29,1725.0,97.4,10.11,36.37,253.97,10.376,0.05,154.5,5.0,15.08
15.18,955.8,14.02,14.31,8.24,2629.0,54.4,13.96,36.48,217.43,10.404,0.05,235.7,5.0,15.23
15.94,812.8,20.84,14.79,24.21,1835.0,27.5,12.17,33.88,226.67,7.669,0.372,258.0,8.47,14.88
21.83,450.5,22.35,17.85,13.79,2789.0,70.9,9.66,34.94,272.14,9.592,0.05,207.1,5.0,14.1
15.71,321.8,14.6,15.02,16.4,3156.0,27.1,7.89,33.88,254.14,6.562,0.349,298.5,12.24,14.66
18.19,483.6,13.15,17.77,12.98,3067.0,90.4,10.8,34.94,271.76,8.917,0.05,274.9,7.37,14.66
23.45,716.6,12.28,15.26,1.32,3026.0,37.5,14.42,37.59,209.65,11.793,0.103,265.0,5.0,15.28
15.23,336.0,19.7,16.89,4.97,1651.0,55.0,5.0,34.79,247.92,9.119,0.05,205.9,5.0,15.16
23.14,647.5,19.29,17.12,13.37,1412.0,5.1,7.99,36.24,208.34,10.252,0.408,251.0,5.0,14.34
17.82,717.8,18.56,16.31,6.28,2877.0,42.6,15.3,36.97,221.35,11.101,0.05,212.6,5.0,14.72
16.18,534.0,14.78,15.37,1.5,2084.0,83.2,8.18,35.75,247.37,10.011,0.05,222.9,5.0,14.14
21.97,839.6,16.69,14.96,25.31,2238.0,80.6,11.33,31.57,274.11,8.326,0.05,256.0,9.43,13.94
21.29,374.6,19.13,14.15,29.44,1275.0,22.4,5.0,29.63,270.84,5.908,0.472,351.2,15.91,14.13
23.77,352.6,17.96,15.37,23.79,1823.0,22.6,5.0,32.26,252.78,7.205,0.447,339.9,12.35,14.04
22.35,809.7,23.85,16.94,25.61,1281.0,81.7,8.44,33.33,266.94,8.453,0.05,212.3,5.0,13.94
23.03,646.8,13.64,18.22,7.26,3310.0,93.0,15.99,35.94,259.29,11.953,0.05,227.6,5.0,14.75
17.82,781.9,20.34,17.92,28.82,1784.0,9.5,11.69,36.08,207.45,8.192,0.578,317.4,10.02,14.11
16.77,604.4,16.85,17.45,5.91,2538.0,45.0,12.89,36.26,224.35,10.332,0.05,223.7,5.0,14.55
22.51,472.5,17.14,17.55,28.54,1294.0,33.7,5.0,32.8,249.39,7.582,0.389,301.3,15.91,14.37
23.07,873.4,20.61,16.99,29.84,2800.0,87.1,16.31,34.31,251.1,8.501,0.05,235.2,11.01,14.18
24.91,859.6,20.31,15.17,21.35,1975.0,8.4,10.56,34.8,220.87,9.78,0.463,259.0,5.18,14.98
19.13,786.3,23.9,18.08,29.43,3355.0,21.1,20.24,34.86,231.38,8.44,0.536,259.9,5.0,14.48
18.72,490.5,13.54,17.02,17.09,3331.0,75.2,10.96,33.23,268.19,8.079,0.076,297.8,11.66,14.48
22.76,713.2,13.25,16.52,7.79,1981.0,5.1,11.35,38.76,185.69,10.431,0.375,286.8,5.0,15.18
18.41,552.7,20.69,14.5,13.11,3362.0,49.3,11.74,33.31,259.49,8.446,0.066,251.9,5.0,14.77
24.31,364.1,18.94,16.01,17.81,3591.0,44.2,8.77,32.63,261.47,8.499,0.142,274.4,7.22,14.61
23.58,942.1,15.29,16.07,2.19,3181.0,33.4,18.35,39.21,191.8,12.0,0.107,220.6,5.0,15.64
19.29,395.8,12.95,17.89,18.67,3228.0,39.5,7.94,33.31,269.88,8.333,0.253,366.1,11.7,14.59
22.51,965.2,13.03,16.46,29.44,1798.0,53.0,12.24,35.35,234.33,9.298,0.375,357.9,14.36,14.59
22.55,612.2,22.73,15.71,5.7,2584.0,16.1,7.8,37.21,214.39,10.914,0.149,203.8,5.0,15.34
16.03,429.6,14.3,18.4,23.78,1361.0,57.2,5.7,33.68,252.85,7.433,0.206,306.4,13.7,14.33
24.03,679.3,15.88,14.5,27.24,1428.0,80.5,5.67,31.98,278.81,7.598,0.05,307.9,16.26,14.23
20.05,911.1,14.72,15.9,28.31,3597.0,76.0,25.61,32.76,267.92,8.617,0.158,317.7,11.34,14.21
23.26,812.6,16.26,14.19,28.8,1984.0,15.4,12.3,34.35,220.97,8.341,0.562,324.5,15.15,14.22
18.2,864.6,12.83,17.33,15.64,2996.0,14.9,18.48,38.38,206.27,9.705,0.479,334.7,5.55,14.89
23.96,761.1,18.23,18.13,29.32,3136.0,26.8,17.91,35.6,232.73,8.534,0.476,322.2,10.29,14.86
18.89,784.6,12.81,15.26,22.72,3259.0,36.1,17.45,34.41,247.28,8.149,0.39,342.9,12.25,15.02
15.11,894.4,21.6,17.86,4.85,3594.0,40.8,25.97,39.62,201.4,11.085,0.05,183.2,5.0,16.0
24.05,474.8,14.8,15.31,14.31,1780.0,68.0,5.0,33.89,269.2,9.481,0.05,286.0,6.73,14.07
15.91,642.6,18.48,18.1,21.55,1297.0,5.7,5.0,36.07,225.79,7.958,0.548,257.4,8.81,15.23
18.19,454.8,22.56,17.39,7.42,2187.0,3.5,6.46,36.82,219.76,9.347,0.374,219.0,5.0,14.81
24.5,991.4,19.81,17.62,19.22,1512.0,39.2,11.71,38.82,194.79,11.107,0.193,249.0,5.0,15.63
24.51,960.8,18.4,14.08,20.0,1254.0,69.7,7.66,33.46,245.5,10.511,0.052,219.3,5.28,14.13
20.73,327.6,15.89,18.33,4.88,2065.0,19.3,6.45,38.04,222.84,10.146,0.27,262.4,5.0,15.27
21.32,793.9,16.0,17.27,16.95,3081.0,64.2,16.16,37.47,215.53,10.103,0.05,240.0,5.0,15.35
19.48,947.7,20.03,15.37,23.15,2559.0,26.0,12.75,35.41,214.7,9.067,0.329,283.0,5.0,14.12
17.93,426.4,23.93,17.73,14.97,1951.0,88.6,7.18,34.39,280.86,8.859,0.05,236.6,6.97,14.91
18.29,697.6,19.94,15.27,0.36,2770.0,89.6,11.3,34.73,241.64,10.823,0.05,136.0,5.0,15.27
21.73,940.8,18.69,17.93,0.27,1757.0,29.7,9.92,41.66,193.78,12.0,0.101,170.2,5.0,15.88
22.52,323.8,20.77,14.51,10.71,1235.0,23.0,5.0,33.41,262.92,8.74,0.22,240.6,5.0,14.95
22.92,788.2,17.58,17.17,27.79,3034.0,41.1,18.06,35.44,225.17,8.831,0.327,307.9,12.32,14.64
22.9,508.1,12.72,16.43,6.86,2697.0,24.1,9.24,35.93,233.42,11.252,0.209,305.0,5.0,15.2
15.91,947.1,18.75,14.43,19.03,3030.0,67.2,16.71,33.03,251.91,8.48,0.05,239.3,5.0,13.53
19.94,979.7,23.49,15.09,6.66,1293.0,82.6,7.78,36.87,240.27,11.442,0.05,142.3,5.0,16.0
15.58,961.0,14.1,14.06,9.65,3209.0,67.3,17.62,33.89,252.61,9.641,0.05,275.5,5.0,15.17
20.5,631.9,20.28,16.11,25.44,2687.0,82.4,9.78,32.14,267.34,8.168,0.05,245.9,12.13,14.15
19.42,903.4,14.41,15.36,21.87,2552.0,39.7,13.89,35.99,224.61,9.593,0.304,271.7,7.29,14.04
23.88,891.2,18.43,16.69,2.86,2699.0,15.6,17.36,39.96,184.26,12.0,0.178,185.9,5.0,15.72
18.51,523.4,13.16,15.34,12.86,3275.0,73.8,11.34,34.83,259.06,9.026,0.05,266.3,8.09,14.17
16.17,880.2,17.4,15.35,0.88,2609.0,36.0,14.89,39.17,194.02,11.287,0.05,159.9,5.0,15.7
16.43,325.9,21.07,17.34,14.43,2594.0,67.1,5.0,33.13,289.88,7.668,0.05,227.4,5.0,14.6
22.62,717.4,16.17,14.22,19.87,3578.0,27.1,14.99,33.91,244.6,8.411,0.361,277.0,6.26,14.05
21.18,461.0,19.98,18.06,3.56,3016.0,8.1,7.85,38.4,202.5,11.486,0.239,207.8,5.0,15.74
16.01,384.4,21.55,17.84,8.67,2262.0,99.3,6.67,33.03,278.11,9.006,0.05,202.6,5.0,14.74
15.84,353.9,23.13,17.01,11.94,2898.0,15.6,8.98,34.72,236.69,7.9,0.22,237.1,5.0,15.03
22.01,787.4,14.82,16.67,27.59,2134.0,98.8,9.9,32.51,280.13,9.015,0.05,293.5,15.74,14.33
15.73,537.9,16.79,18.02,29.8,1749.0,97.7,6.36,30.61,304.41,6.223,0.05,319.1,15.61,13.42
23.22,807.3,13.83,14.83,1.35,2632.0,79.4,13.53,36.17,250.46,12.0,0.05,195.0,5.0,15.38
22.06,345.7,23.91,14.36,22.83,3428.0,65.9,8.59,29.96,308.29,6.895,0.05,258.4,8.68,13.76
15.81,520.7,23.12,15.08,11.15,3430.0,57.8,10.68,32.44,277.14,8.529,0.05,212.5,5.0,13.76
15.85,677.6,18.48,17.58,11.77,2021.0,86.6,9.2,36.09,252.02,9.49,0.05,181.3,5.0,15.51
24.87,853.5,22.1,14.16,22.63,2466.0,28.9,10.05,34.76,214.39,9.026,0.358,212.3,5.66,15.42
18.74,523.1,18.25,16.62,27.55,1708.0,46.8,6.31,33.08,257.65,6.987,0.297,315.9,14.98,14.29
18.71,738.1,19.48,18.48,28.53,3590.0,61.9,22.85,34.82,253.02,8.46,0.148,288.6,11.53,15.56
23.13,920.2,13.07,17.85,17.31,3555.0,41.1,24.66,38.44,204.24,11.074,0.272,325.4,5.0,15.32
24.47,731.1,21.06,16.35,10.71,2759.0,42.7,13.71,37.12,224.94,11.349,0.05,209.0,5.0,15.0
24.86,463.1,13.53,14.29,23.63,3131.0,33.0,9.02,31.92,262.33,7.477,0.424,367.1,14.23,13.78
22.53,317.1,21.91,17.74,7.53,2916.0,56.4,6.82,34.61,252.1,9.898,0.05,211.9,5.0,15.36
18.76,909.1,21.38,16.7,16.92,2624.0,85.1,15.62,35.94,239.41,9.831,0.05,200.0,5.0,14.63
15.84,314.9,20.5,14.52,10.76,1328.0,20.2,5.0,34.24,249.27,7.657,0.183,279.8,5.0,14.87
22.77,912.3,12.43,14.42,19.7,2291.0,93.4,12.83,32.78,261.83,9.805,0.05,257.1,9.3,14.15
20.58,670.3,15.64,18.09,7.21,2819.0,68.9,14.27,39.03,221.95,11.307,0.05,232.1,5.0,15.32
19.24,957.3,15.16,17.01,5.75,2826.0,82.3,18.01,37.6,219.2,12.0,0.05,227.3,5.0,15.66
24.06,859.1,16.32,17.73,27.55,2095.0,55.6,14.87,35.57,240.62,9.752,0.248,300.2,11.04,14.63
16.11,998.6,13.05,17.96,3.05,3460.0,78.0,26.65,39.02,212.44,12.0,0.05,234.9,5.0,15.34
19.93,545.5,23.24,16.57,15.18,1602.0,1.6,5.37,36.38,226.11,8.687,0.457,240.0,5.0,15.27
15.11,837.0,18.65,16.33,6.63,2401.0,81.8,14.87,35.24,258.79,10.422,0.05,176.8,5.0,15.46
19.69,581.4,15.67,15.94,1.17,2858.0,4.0,10.44,37.51,206.44,10.73,0.285,240.3,5.0,15.37
15.56,635.9,16.76,15.43,1.08,2873.0,89.0,10.81,34.45,255.34,10.147,0.05,148.6,5.0,14.41
16.19,739.3,17.37,15.96,5.26,2757.0,99.2,12.64,35.54,239.53,10.212,0.05,163.2,5.0,14.67
16.18,911.6,19.21,17.48,26.0,1861.0,29.4,10.23,37.47,193.76,8.194,0.423,258.4,8.78,15.06
21.49,988.9,18.19,16.71,8.47,1575.0,21.0,11.41,39.91,180.0,11.428,0.213,219.0,5.0,15.71
22.46,837.8,23.03,18.02,28.51,2726.0,76.5,14.95,32.97,271.94,8.906,0.05,258.7,9.06,14.01
20.83,592.4,17.96,16.0,17.45,2638.0,25.3,8.94,36.61,222.76,8.934,0.278,280.6,7.21,15.24
24.62,594.9,23.91,16.73,13.1,1630.0,86.6,5.0,34.63,265.78,9.956,0.05,203.6,5.0,14.74
18.75,816.3,22.22,16.84,17.4,2892.0,10.3,16.46,36.83,186.94,9.619,0.445,235.4,5.0,14.22
17.86,467.1,14.5,16.66,15.5,2292.0,12.6,7.25,35.56,218.47,8.848,0.482,336.0,9.99,14.29
23.69,377.3,23.17,17.16,22.76,2803.0,97.9,7.17,31.78,305.76,8.383,0.05,247.1,10.08,13.99
17.24,548.2,13.4,15.07,8.47,3210.0,67.4,9.8,33.52,266.41,9.569,0.05,270.0,5.0,14.48
24.63,501.1,21.81,16.31,10.59,1607.0,84.7,5.0,34.08,268.4,10.349,0.05,195.5,5.0,15.37
15.12,507.4,16.57,14.47,26.82,1246.0,32.4,5.0,31.14,274.1,6.164,0.423,340.6,14.89,13.99
24.7,463.5,22.54,15.73,28.39,3070.0,67.6,8.67,30.75,303.7,7.24,0.084,275.6,13.56,13.66
15.43,329.5,22.42,16.19,26.78,2663.0,59.4,6.3,30.58,292.05,5.402,0.173,305.2,13.08,14.01
23.91,312.5,21.67,16.94,12.58,2879.0,60.3,5.29,32.58,278.29,8.404,0.05,218.8,5.0,14.2
20.28,991.4,21.48,18.28,23.41,3212.0,68.3,24.47,37.13,223.46,10.463,0.05,207.6,5.0,15.29
24.93,599.4,15.66,16.7,14.29,3127.0,57.5,14.61,35.56,262.11,10.722,0.1,277.1,6.6,15.08
15.74,569.0,12.97,17.35,14.93,3506.0,42.9,15.12,36.18,216.68,8.39,0.263,311.7,9.86,15.36
20.54,775.8,16.84,16.28,6.14,2486.0,27.6,12.59,38.58,209.0,11.134,0.108,215.2,5.0,15.38
24.69,452.8,14.08,16.85,17.73,2372.0,76.9,7.85,33.49,271.47,8.96,0.05,315.0,8.75,15.16
20.23,965.0,20.34,14.32,5.58,2165.0,22.6,12.17,37.3,205.9,11.614,0.186,171.7,5.0,15.48
21.29,850.4,16.15,15.14,9.95,1569.0,69.2,8.43,36.32,227.87,11.166,0.05,214.6,5.0,14.73
21.96,362.6,23.71,15.63,25.65,2574.0,23.3,5.69,31.04,271.71,6.396,0.414,316.0,8.72,14.77
19.55,592.3,19.69,16.13,6.21,1865.0,62.5,7.22,34.93,255.55,10.372,0.05,220.5,5.0,14.89
21.28,915.4,21.87,14.21,2.13,3411.0,74.7,18.74,35.52,263.19,11.861,0.05,159.0,5.0,14.54
20.84,961.3,13.59,14.63,2.07,2600.0,21.9,14.04,39.37,195.57,12.0,0.171,225.0,5.0,16.0
24.01,627.2,22.34,15.25,28.22,2623.0,6.0,9.23,34.3,220.72,8.029,0.591,318.4,13.17,15.21
15.45,729.4,23.07,18.37,15.21,2052.0,13.1,9.79,38.79,194.3,9.307,0.327,215.7,5.0,15.31
17.81,416.9,17.84,15.49,12.28,1325.0,60.6,5.0,34.09,258.39,8.196,0.05,237.8,5.47,14.41
24.5,993.8,19.28,16.17,24.33,1276.0,84.9,7.08,34.0,236.23,10.158,0.05,197.8,5.63,14.53
23.9,462.2,21.18,14.88,25.07,2216.0,4.5,6.54,33.06,240.15,7.852,0.653,332.1,11.22,14.41
19.56,959.9,14.1,16.75,9.97,1403.0,73.4,8.33,37.36,229.93,11.477,0.05,217.0,5.0,15.71
21.2,754.8,18.03,15.26,20.81,2656.0,34.1,13.37,35.27,217.99,9.004,0.369,270.0,9.33,14.89
17.77,725.4,16.78,14.93,23.13,3314.0,47.9,15.0,33.3,258.31,7.414,0.228,274.1,9.17,14.42
16.88,658.9,13.76,16.32,19.64,3319.0,92.9,12.51,32.97,279.3,8.092,0.05,299.9,10.93,15.01
19.64,461.5,16.41,14.02,4.55,2782.0,33.2,8.29,34.74,237.31,9.72,0.085,235.9,5.0,14.59
18.53,423.6,12.82,14.03,26.28,1707.0,46.5,5.2,31.13,278.19,6.072,0.338,353.4,20.06,14.35
20.84,454.3,12.31,14.99,16.17,3271.0,1.4,8.09,33.71,249.48,8.448,0.624,365.5,12.25,14.14
15.78,430.5,13.62,14.17,8.47,3327.0,8.2,8.96,34.35,241.85,8.647,0.394,283.5,5.0,14.66
24.74,845.7,23.56,14.49,12.76,1672.0,25.9,7.51,35.13,221.89,11.184,0.188,189.1,5.0,14.68
24.86,545.1,18.59,15.52,1.13,2970.0,2.8,10.59,35.44,219.41,11.607,0.203,185.8,5.0,14.76
21.98,340.5,23.59,17.61,3.84,1888.0,63.1,5.0,35.82,254.68,10.231,0.05,164.5,5.0,14.77
20.36,978.4,17.19,16.57,22.97,3126.0,42.6,18.97,36.89,208.29,8.941,0.213,268.5,5.0,15.57
18.1,918.7,15.74,16.31,0.0,3593.0,54.8,21.97,39.12,190.17,12.0,0.05,152.3,5.0,15.22
23.14,949.4,18.07,15.32,12.5,1272.0,17.5,7.56,35.99,224.35,11.145,0.266,207.2,5.0,14.55
21.85,996.4,17.27,18.19,15.68,3354.0,29.6,24.85,39.01,194.41,11.589,0.262,239.5,5.0,16.0
16.63,421.7,13.27,15.79,1.64,2694.0,66.4,6.05,33.15,274.77,9.551,0.05,244.7,5.0,14.83
24.11,577.4,19.69,14.39,29.19,3536.0,96.5,11.76,30.8,298.19,7.264,0.05,308.0,13.52,13.06
23.23,830.8,14.59,16.78,6.78,2316.0,5.0,13.77,38.37,186.56,11.414,0.37,282.5,5.0,15.0
24.5,787.2,19.44,14.51,9.13,3234.0,89.0,15.34,35.3,249.93,10.827,0.05,169.5,5.0,14.1
22.26,407.7,19.8,15.55,9.12,1350.0,57.7,5.0,34.55,244.96,9.592,0.05,234.5,5.0,14.31
21.13,871.1,13.82,16.28,6.91,2005.0,56.4,11.04,36.8,241.64,12.0,0.05,247.6,5.0,13.84
19.18,457.1,12.74,17.93,0.04,1361.0,50.0,6.05,36.68,228.06,10.929,0.05,250.6,5.0,15.02
24.33,456.7,21.37,16.22,21.88,3541.0,6.9,9.52,34.51,225.0,8.496,0.453,269.3,8.55,14.03
23.66,675.9,17.52,17.16,29.01,3161.0,9.0,15.86,34.49,222.02,8.677,0.651,329.2,12.5,14.41
15.45,715.1,12.7,18.47,6.73,3246.0,60.1,19.28,38.33,232.34,10.273,0.05,260.0,5.0,14.73
15.26,706.1,23.94,14.59,19.89,3451.0,34.1,15.39,33.52,242.95,7.745,0.221,230.4,5.0,14.46
18.76,364.0,12.69,15.24,22.26,1404.0,91.7,5.0,28.86,313.85,6.505,0.05,346.8,16.13,13.5
23.11,914.2,20.34,15.78,25.45,2125.0,40.7,12.14,33.28,249.29,9.656,0.287,248.0,5.0,14.95
24.87,485.9,23.8,15.9,12.68,1370.0,14.3,5.65,35.48,234.42,9.866,0.289,217.5,5.0,15.31
16.5,390.7,14.87,15.85,9.09,1706.0,71.5,5.0,33.07,280.06,8.513,0.05,265.0,5.0,14.74
20.94,922.1,13.71,18.08,9.76,1750.0,29.3,11.0,39.21,200.62,11.578,0.228,265.1,5.0,15.31
18.81,969.0,13.46,17.21,21.38,2326.0,52.5,15.69,37.36,233.48,9.984,0.269,278.6,8.1,15.88
24.7,903.5,15.64,16.74,24.5,1845.0,69.8,13.11,35.98,250.98,10.639,0.079,293.4,8.21,14.32
23.42,866.7,13.21,15.39,5.45,1442.0,90.0,8.47,35.78,239.93,11.665,0.05,195.7,5.0,14.35
23.38,758.7,20.31,17.71,11.13,1602.0,79.2,7.81,36.4,253.78,11.211,0.05,183.8,5.0,14.99
19.69,685.6,12.75,18.3,27.06,1553.0,67.6,7.75,35.06,250.53,8.342,0.223,341.9,16.73,15.6
19.15,360.9,18.11,17.7,24.2,3535.0,68.0,8.67,31.57,291.67,7.362,0.076,290.6,16.69,14.06
17.73,585.9,23.96,14.01,29.55,3022.0,94.6,9.48,29.63,294.87,5.933,0.05,248.3,15.74,13.74
15.56,560.9,21.77,16.86,22.63,3523.0,29.6,15.06,35.02,234.3,6.443,0.39,301.0,8.23,14.03
23.65,481.8,19.38,14.23,11.8,2255.0,0.1,5.0,35.05,218.85,9.698,0.467,250.3,5.0,14.95
23.13,806.4,15.68,15.16,17.72,1868.0,27.2,11.45,33.94,239.13,10.126,0.318,316.2,5.0,14.83
25.0,647.1,19.49,14.27,19.83,3116.0,21.8,12.98,33.06,251.76,8.556,0.395,278.6,8.7,14.57
24.97,356.7,18.32,16.72,2.35,1983.0,66.2,6.24,34.47,247.56,10.788,0.05,209.3,5.0,14.43
20.55,454.1,17.11,17.09,16.33,1919.0,63.4,5.65,34.13,261.35,9.172,0.05,277.3,6.95,14.33
22.69,778.3,13.57,14.52,21.28,1758.0,59.3,8.1,33.69,258.94,9.481,0.104,344.1,11.66,14.0
24.45,353.3,22.64,15.73,5.02,1511.0,1.6,5.0,37.1,216.16,10.524,0.331,210.2,5.0,15.05
23.5,895.8,17.4,16.05,23.42,1816.0,72.9,10.25,34.12,253.99,9.695,0.05,240.6,6.82,14.18
17.47,646.6,14.34,15.66,17.51,2053.0,32.4,9.25,34.41,240.58,8.42,0.304,292.9,8.77,14.07
19.51,636.4,16.41,14.54,28.57,2818.0,66.5,12.42,32.09,274.28,6.854,0.287,312.3,13.52,13.96
16.29,714.7,16.97,15.89,1.27,1350.0,55.7,5.06,37.37,223.64,11.123,0.05,165.3,5.0,15.01
24.54,877.3,21.93,17.38,7.96,1705.0,34.3,10.39,39.96,185.1,12.0,0.063,183.2,5.0,15.45
21.06,543.5,20.8,14.32,18.05,3142.0,13.5,10.01,33.84,228.66,7.977,0.316,294.0,5.0,14.62
17.29,774.6,21.23,14.36,8.9,1553.0,9.4,5.52,35.59,219.76,10.058,0.352,213.5,5.0,14.76
21.72,696.0,12.13,15.6,21.43,2022.0,83.2,9.86,31.88,278.62,8.778,0.05,319.4,12.98,14.1
21.18,486.9,16.99,18.24,22.77,3275.0,91.8,11.25,32.1,287.77,8.745,0.05,272.1,11.26,14.33
18.58,915.0,17.78,17.01,3.08,1572.0,65.0,9.96,39.22,207.82,11.825,0.05,184.7,5.0,15.14
16.14,858.2,12.23,17.05,15.42,1399.0,10.3,7.99,39.12,186.99,9.626,0.56,307.8,5.0,15.3
21.72,760.9,15.12,15.63,15.27,2363.0,40.2,10.76,37.05,227.37,9.646,0.241,300.2,5.0,15.11
20.2,895.4,21.12,16.67,11.08,1926.0,72.9,11.97,37.54,222.66,11.037,0.05,208.6,5.0,14.63
22.72,907.1,13.65,14.05,27.99,2552.0,78.0,13.29,33.07,247.26,8.068,0.135,317.5,11.51,14.78
20.2,795.9,18.42,16.86,24.83,3129.0,11.8,17.05,35.72,219.38,8.614,0.516,293.5,12.26,14.32
23.52,885.9,14.58,18.11,20.92,1529.0,0.0,9.35,37.74,190.04,10.146,0.63,328.0,6.29,15.01
20.52,788.2,12.15,16.76,21.43,2594.0,71.2,14.66,35.46,242.46,9.444,0.111,338.5,10.23,15.29
20.61,776.1,14.89,17.93,13.85,2413.0,35.7,15.98,38.19,222.31,10.773,0.267,258.0,5.0,15.61
23.77,733.0,23.71,17.26,27.63,1546.0,25.4,8.32,35.38,224.22,8.337,0.471,264.7,7.88,14.65
19.03,826.9,21.62,14.54,20.84,2698.0,1.3,14.71,35.74,209.64,9.052,0.557,239.3,5.0,14.51
16.34,411.0,23.51,18.06,21.87,1857.0,54.0,5.0,34.27,248.54,7.988,0.104,267.0,9.61,15.0
15.29,916.6,17.85,14.3,25.85,2371.0,85.1,13.14,33.53,255.48,7.588,0.05,266.1,8.32,14.78
22.55,910.3,13.32,16.4,8.22,1397.0,95.8,7.38,37.51,240.05,11.658,0.05,205.8,5.0,14.98
21.2,320.5,18.58,14.64,24.21,2303.0,56.6,5.0,30.74,279.03,7.416,0.128,298.8,16.15,13.65
22.04,878.1,17.45,14.05,5.86,1936.0,51.4,9.06,36.77,222.77,10.977,0.05,175.1,5.0,14.26
17.13,390.2,22.13,15.9,10.36,3174.0,8.5,9.63,35.66,229.37,8.375,0.323,230.2,5.0,14.82
16.36,534.6,13.18,15.33,10.07,1337.0,54.9,5.7,33.94,256.16,8.76,0.083,294.6,5.0,14.54
15.15,820.5,17.86,16.19,29.36,2205.0,38.0,12.49,34.93,237.94,7.548,0.397,291.0,12.86,15.04
18.51,412.5,13.8,16.6,25.7,2300.0,60.7,5.0,30.96,290.34,6.841,0.175,345.6,20.23,14.13
20.9,872.6,15.9,14.2,21.04,2940.0,38.9,14.94,35.11,238.51,8.907,0.298,255.7,6.44,15.21
18.92,882.5,20.85,14.55,21.81,2578.0,24.0,14.16,33.99,219.74,8.435,0.381,254.6,5.0,14.15
19.37,655.2,17.71,16.51,16.86,2801.0,9.5,12.84,36.56,213.62,8.974,0.454,277.5,5.71,15.31
24.04,304.5,16.51,15.54,28.41,3065.0,31.5,5.0,30.38,284.81,6.352,0.495,343.3,18.09,13.51
18.48,500.9,16.73,17.28,14.89,3269.0,9.7,10.72,36.75,208.99,8.781,0.468,287.8,5.81,15.19
20.14,731.8,17.51,16.94,11.42,1953.0,17.7,10.01,37.67,213.88,10.219,0.278,249.4,5.0,14.56
22.84,986.8,21.42,17.81,4.89,2491.0,98.7,18.88,37.19,254.01,12.0,0.05,119.5,5.0,15.26
18.97,742.3,22.71,17.12,23.59,3216.0,44.4,14.39,35.61,230.84,8.936,0.185,228.1,7.87,14.02
21.22,481.9,23.46,15.93,22.03,3575.0,53.2,11.24,32.28,274.27,7.697,0.156,283.6,8.18,14.12
23.62,743.8,21.44,17.03,11.53,3335.0,87.4,17.77,36.44,245.46,10.69,0.05,175.1,5.0,15.21
24.5,678.0,15.78,15.24,0.76,2092.0,99.6,10.02,35.16,255.75,11.975,0.05,179.9,5.0,14.6
16.47,845.9,20.26,15.38,25.17,1668.0,58.3,9.87,34.17,228.66,7.89,0.148,270.4,7.16,14.16
24.27,374.9,17.25,17.55,0.34,2375.0,81.2,7.21,35.03,260.57,10.883,0.05,252.2,5.0,15.12
19.92,832.7,15.06,16.01,21.11,2980.0,32.7,15.59,35.18,213.88,9.263,0.379,277.1,7.15,14.6
17.58,678.9,22.09,17.59,29.11,2382.0,30.6,9.57,34.5,248.7,7.089,0.442,295.3,11.33,14.29
19.59,974.1,12.46,17.7,13.13,2360.0,40.3,16.48,39.51,195.16,11.723,0.177,271.9,5.0,15.54
24.8,539.3,22.82,17.86,7.05,3212.0,67.3,14.09,37.79,232.74,11.456,0.05,176.9,5.0,16.0
19.93,742.8,17.54,18.12,21.15,2067.0,68.2,13.27,35.09,252.34,9.209,0.05,250.4,6.77,15.25
18.29,952.4,19.65,15.94,24.51,3264.0,31.5,21.5,36.7,200.64,8.631,0.321,244.4,9.37,15.41
21.33,371.8,19.91,15.43,16.39,2176.0,13.3,5.72,31.98,252.98,8.059,0.374,280.4,5.0,14.24
17.4,956.1,22.74,16.62,29.01,1988.0,63.2,13.62,33.83,244.14,8.434,0.134,224.2,7.23,14.59
15.76,781.5,19.64,15.67,1.55,2290.0,12.8,11.02,37.84,209.26,10.856,0.163,202.1,5.0,14.27
16.29,347.5,19.37,16.7,15.14,3030.0,57.8,7.17,32.36,281.03,7.513,0.05,259.9,6.78,14.03
16.28,510.7,12.8,17.18,21.55,1502.0,69.3,7.49,32.22,278.76,7.467,0.149,341.3,14.85,14.03
16.52,795.7,18.22,17.1,25.88,1671.0,70.1,8.34,34.8,246.63,7.827,0.137,263.5,10.17,13.95
16.39,347.1,13.8,15.69,5.38,3483.0,75.3,9.84,33.39,279.91,8.604,0.05,257.1,5.0,14.02
21.41,707.5,20.85,14.75,24.0,1621.0,87.3,6.66,32.13,279.36,7.586,0.05,247.7,5.0,13.47
16.82,542.1,18.15,15.94,16.58,2563.0,50.0,10.82,34.57,240.53,8.351,0.081,244.9,6.44,14.67
18.46,734.6,20.16,14.64,11.9,2590.0,73.0,9.92,34.36,253.32,9.545,0.05,196.3,5.0,14.99
23.97,332.0,12.5,18.01,3.95,2375.0,61.9,6.62,36.47,241.0,10.558,0.05,271.0,5.0,15.48
19.74,910.1,13.02,15.56,25.96,2747.0,18.7,15.32,35.4,214.8,9.218,0.579,330.2,11.34,14.75
21.68,981.4,20.6,14.7,4.72,1752.0,2.6,8.83,37.91,184.15,12.0,0.286,152.7,5.0,14.8
16.72,978.2,12.87,14.11,9.29,2526.0,28.5,14.8,37.76,220.99,10.04,0.301,285.6,5.0,14.37
16.92,824.8,12.86,16.91,8.7,2093.0,44.3,13.37,37.37,216.01,10.811,0.068,257.3,5.0,14.49
15.41,391.1,12.15,16.87,26.14,2788.0,61.7,6.65,31.32,274.58,6.214,0.279,395.9,18.32,13.49
